{"cameraMode":{"drawMode":0,"name":"Shaded","section":"Shading Mode"},"sceneLighting":true,"audioPlay":false,"sceneViewState":{"m_AlwaysRefresh":true,"showFog":false,"showSkybox":true,"showFlares":true,"showImageEffects":true,"showParticleSystems":true,"showVisualEffectGraphs":true,"m_FxEnabled":true},"in2DMode":false,"pivot":{"x":-5.8980712890625,"y":4.744704246520996,"z":6.641182899475098},"rotation":{"x":-0.0065878634341061119,"y":0.7273505330085754,"z":0.0069852289743721489,"w":0.6862027049064636},"size":5.095339298248291,"orthographic":false}